Country,1973,1974,1975,1976,1977,1978,1979,1980,1981,1982,1983,1984,1985,1986,1987,1988,1989,1990,1991,1992,1993,1994,1995,1996,1997,1998,1999,2000,2001,2002,2003,2004,2005,2006,2007,2008,2009,2010,2011,2012,2013,2014,2015,2016,2017
ALL COUNTRIES,303393.0,325315.0,336414.0,356066.0,404440.0,421120.0,429512.0,446079.0,467850.0,488080.0,508878.0,522774.0,532768.0,539809.0,555951.0,570407.0,586584.0,603238.0,621165.0,629803.0,645947.0,675150.0,707577.0,727082.0,741530.0,761698.0,775795.0,792882,795778.0,814964.0,855394.0,898620.0,947049.0,1002085.0,1052457.0,1132558.0,1187087.0,1231013.0,1311368.0,1382504.0,1458530.0,1503470.0,1550839.0,1595743.0,1601947.0
Albania,0.01,0.01,0.01,0.01,0.01,1.0,0.01,3.0,0.01,3.0,3.0,6.0,3.0,3.0,3.0,2.0,11.0,11.0,18.0,20.0,28.0,39.0,37.0,47.0,30.0,35.0,34.0,31,27.0,38.0,38.0,30.0,38.0,35.0,42.0,62.0,72.0,100.0,159.0,140.0,157.0,177.0,178.0,200.0,186.0
Algeria,71.0,57.0,75.0,65.0,90.0,75.0,62.0,84.0,103.0,120.0,127.0,142.0,137.0,127.0,129.0,143.0,140.0,177.0,208.0,245.0,212.0,254.0,272.0,304.0,317.0,338.0,396.0,416,457.0,493.0,593.0,729.0,794.0,980.0,1197.0,1338.0,1606.0,1664.0,1780.0,1987.0,2234.0,2467.0,2734.0,3461.0,3624.0
Andorra,0.01,0.01,0.01,0.01,0.01,0.01,0.01,0.01,0.01,0.01,0.01,0.01,0.01,0.01,0.01,0.01,0.01,1.0,0.01,0.01,1.0,0.01,0.01,0.01,1.0,0.01,1.0,1,3.0,3.0,2.0,1.0,3.0,8.0,8.0,1.0,2.0,6.0,2.0,5.0,8.0,12.0,13.0,13.0,12.0
Angola,9.0,5.0,5.0,0.01,5.0,1.0,1.0,0.01,1.0,2.0,3.0,2.0,0.01,3.0,3.0,6.0,0.01,3.0,5.0,10.0,7.0,5.0,7.0,1.0,10.0,5.0,10.0,13,13.0,13.0,5.0,9.0,17.0,13.0,15.0,17.0,33.0,31.0,30.0,37.0,45.0,57.0,69.0,80.0,93.0
Argentina,947.0,963.0,723.0,790.0,946.0,959.0,975.0,1121.0,1224.0,1274.0,1453.0,1558.0,1589.0,1926.0,1908.0,1892.0,1972.0,2188.0,2110.0,2115.0,2177.0,2425.0,2754.0,3318.0,3588.0,3867.0,4077.0,4446,4537.0,4895.0,4782.0,4949.0,5139.0,5552.0,5952.0,6760.0,7122.0,7650.0,8162.0,8510.0,8782.0,8809.0,9199.0,9361.0,9284.0
Armenia,2.0,1.0,0.01,0.01,0.01,0.01,0.01,0.01,0.01,0.01,0.01,0.01,0.01,0.01,0.01,2.0,4.0,23.0,43.0,81.0,221.0,243.0,269.0,308.0,289.0,286.0,301.0,316,319.0,366.0,390.0,402.0,382.0,407.0,422.0,564.0,512.0,590.0,682.0,826.0,727.0,720.0,788.0,841.0,815.0
Australia,6170.0,6393.0,6764.0,7445.0,8334.0,8962.0,9391.0,10091.0,10799.0,10918.0,11486.0,11858.0,12005.0,12350.0,12668.0,13086.0,13069.0,13567.0,14062.0,14848.0,15769.0,17189.0,18486.0,19388.0,20102.0,21060.0,21314.0,21831,22256.0,22814.0,24245.0,25864.0,27135.0,29738.0,32166.0,35598.0,38466.0,41134.0,45301.0,49434.0,54983.0,58583.0,62364.0,65462.0,66073.0
Austria,1703.0,2001.0,1939.0,1992.0,2675.0,2771.0,2802.0,2995.0,2920.0,3013.0,3189.0,3222.0,3397.0,3416.0,3342.0,3615.0,3781.0,3954.0,4054.0,4528.0,4550.0,4854.0,5465.0,5933.0,6575.0,6752.0,7108.0,7285,7783.0,7871.0,8397.0,8751.0,8997.0,9205.0,9917.0,10650.0,11096.0,11903.0,12851.0,13457.0,14423.0,14953.0,15563.0,16496.0,16587.0
Azerbaijan,2.0,0.01,0.01,0.01,0.01,0.01,0.01,0.01,0.01,0.01,0.01,0.01,0.01,0.01,1.0,0.01,3.0,23.0,25.0,129.0,239.0,206.0,210.0,197.0,170.0,177.0,142.0,169,138.0,184.0,231.0,214.0,238.0,242.0,251.0,318.0,410.0,478.0,547.0,541.0,467.0,471.0,494.0,594.0,619.0
Bahamas,5.0,5.0,3.0,4.0,4.0,2.0,1.0,2.0,2.0,3.0,3.0,3.0,5.0,6.0,5.0,4.0,3.0,5.0,0.01,4.0,3.0,4.0,3.0,3.0,3.0,6.0,7.0,7,7.0,10.0,6.0,7.0,8.0,11.0,17.0,13.0,18.0,14.0,20.0,22.0,28.0,38.0,36.0,36.0,51.0
Bahrain,0.01,0.01,1.0,0.01,0.01,2.0,1.0,2.0,5.0,4.0,21.0,21.0,33.0,26.0,39.0,64.0,81.0,59.0,78.0,70.0,59.0,80.0,79.0,67.0,65.0,62.0,69.0,54,63.0,46.0,73.0,90.0,98.0,121.0,122.0,114.0,137.0,138.0,140.0,133.0,186.0,186.0,167.0,215.0,190.0
Bangladesh,51.0,33.0,49.0,51.0,66.0,77.0,91.0,112.0,123.0,144.0,139.0,159.0,176.0,194.0,211.0,182.0,197.0,196.0,233.0,297.0,292.0,306.0,343.0,324.0,329.0,325.0,371.0,376,414.0,424.0,478.0,488.0,525.0,607.0,685.0,826.0,912.0,1053.0,1154.0,1378.0,1465.0,1652.0,1788.0,1962.0,2257.0
Barbados,5.0,12.0,14.0,11.0,17.0,14.0,20.0,18.0,20.0,16.0,26.0,17.0,23.0,36.0,32.0,39.0,17.0,30.0,27.0,34.0,37.0,32.0,46.0,25.0,36.0,38.0,38.0,36,45.0,37.0,52.0,71.0,48.0,48.0,52.0,63.0,51.0,63.0,78.0,82.0,76.0,75.0,80.0,91.0,73.0
Belgium,2442.0,2802.0,2968.0,3189.0,3767.0,3909.0,3946.0,4152.0,4428.0,4758.0,4773.0,5099.0,5125.0,5099.0,5449.0,5517.0,5912.0,6023.0,6292.0,6714.0,6951.0,7876.0,8444.0,9061.0,9333.0,9850.0,10079.0,10152,10531.0,11030.0,11883.0,12439.0,13364.0,13656.0,14695.0,15781.0,16563.0,17800.0,18903.0,19968.0,21283.0,21851.0,22657.0,23160.0,22968.0
Belize,0.01,0.01,0.01,1.0,0.01,0.01,1.0,4.0,4.0,1.0,0.01,0.01,2.0,2.0,0.01,3.0,2.0,1.0,3.0,0.01,5.0,4.0,7.0,5.0,8.0,5.0,7.0,2,4.0,5.0,8.0,7.0,12.0,13.0,8.0,8.0,7.0,17.0,12.0,15.0,20.0,17.0,27.0,26.0,34.0
Benin,2.0,2.0,1.0,4.0,4.0,3.0,4.0,4.0,3.0,2.0,5.0,8.0,9.0,9.0,16.0,11.0,16.0,16.0,26.0,19.0,37.0,27.0,30.0,44.0,56.0,53.0,53.0,65,56.0,72.0,69.0,92.0,86.0,117.0,134.0,168.0,179.0,197.0,222.0,254.0,276.0,299.0,315.0,297.0,320.0
Bermuda,3.0,12.0,10.0,6.0,8.0,13.0,9.0,10.0,4.0,12.0,13.0,12.0,11.0,13.0,10.0,10.0,13.0,15.0,12.0,11.0,16.0,12.0,13.0,17.0,11.0,30.0,13.0,22,32.0,27.0,13.0,17.0,19.0,22.0,29.0,23.0,26.0,27.0,39.0,37.0,41.0,25.0,42.0,43.0,45.0
Bhutan,0.01,0.01,0.01,0.01,0.01,1.0,0.01,0.01,0.01,0.01,0.01,0.01,0.01,0.01,1.0,0.01,5.0,2.0,0.01,3.0,4.0,3.0,3.0,0.01,1.0,3.0,1.0,3,2.0,7.0,5.0,13.0,8.0,23.0,7.0,8.0,15.0,28.0,31.0,26.0,39.0,45.0,43.0,65.0,70.0
Bolivia,11.0,17.0,14.0,7.0,17.0,18.0,22.0,14.0,23.0,10.0,20.0,15.0,40.0,18.0,24.0,16.0,38.0,24.0,32.0,37.0,54.0,64.0,56.0,55.0,81.0,74.0,98.0,65,83.0,98.0,111.0,116.0,128.0,133.0,182.0,200.0,194.0,197.0,200.0,193.0,238.0,240.0,249.0,267.0,218.0
Bosnia & Herzegovina,0.01,0.01,0.01,0.01,1.0,0.01,0.01,0.01,0.01,0.01,0.01,0.01,0.01,0.01,0.01,0.01,0.01,2.0,2.0,7.0,25.0,21.0,20.0,21.0,25.0,27.0,23.0,30,51.0,40.0,59.0,60.0,101.0,104.0,279.0,322.0,362.0,467.0,494.0,450.0,366.0,388.0,460.0,486.0,554.0
Botswana,1.0,3.0,7.0,9.0,14.0,12.0,14.0,20.0,13.0,26.0,8.0,21.0,25.0,30.0,21.0,28.0,20.0,25.0,42.0,27.0,42.0,42.0,60.0,73.0,71.0,74.0,99.0,112,112.0,132.0,123.0,125.0,138.0,175.0,194.0,200.0,183.0,159.0,227.0,192.0,220.0,279.0,230.0,321.0,334.0
Brazil,725.0,878.0,965.0,1193.0,1483.0,1550.0,1744.0,1834.0,2103.0,2310.0,2375.0,2546.0,2549.0,2677.0,2666.0,2897.0,3393.0,3749.0,4093.0,4584.0,4532.0,5040.0,5813.0,6406.0,7718.0,8917.0,9973.0,10954,11615.0,13048.0,14018.0,16195.0,17342.0,19421.0,24110.0,29470.0,31663.0,33232.0,35999.0,38500.0,40059.0,41570.0,43457.0,46823.0,47795.0
Brunei,1.0,1.0,1.0,1.0,1.0,2.0,2.0,6.0,1.0,1.0,6.0,1.0,3.0,4.0,2.0,7.0,5.0,4.0,10.0,19.0,7.0,20.0,20.0,23.0,28.0,29.0,38.0,35,30.0,26.0,34.0,37.0,33.0,29.0,41.0,45.0,50.0,61.0,52.0,79.0,97.0,135.0,195.0,237.0,219.0
Bulgaria,802.0,838.0,924.0,1024.0,1007.0,1008.0,1103.0,1071.0,1163.0,1209.0,1215.0,1338.0,1352.0,1500.0,1369.0,1453.0,1473.0,1652.0,1650.0,1818.0,1463.0,1461.0,1536.0,1545.0,1640.0,1659.0,1585.0,1559,1510.0,1555.0,1553.0,1641.0,1774.0,1777.0,2278.0,2307.0,2350.0,2225.0,2213.0,2398.0,2388.0,2276.0,2250.0,2372.0,2595.0
Burkina Faso,3.0,4.0,2.0,11.0,15.0,18.0,26.0,23.0,20.0,19.0,21.0,37.0,23.0,22.0,34.0,29.0,35.0,26.0,45.0,39.0,54.0,43.0,36.0,54.0,63.0,86.0,74.0,67,83.0,92.0,123.0,124.0,113.0,160.0,157.0,197.0,228.0,230.0,281.0,318.0,281.0,321.0,385.0,389.0,387.0
Burma,8.0,12.0,12.0,10.0,8.0,18.0,9.0,18.0,5.0,9.0,9.0,8.0,21.0,12.0,22.0,19.0,20.0,14.0,17.0,22.0,10.0,26.0,27.0,11.0,8.0,11.0,19.0,20,23.0,17.0,22.0,35.0,42.0,42.0,43.0,42.0,43.0,49.0,56.0,60.0,64.0,80.0,129.0,185.0,261.0
Burundi,1.0,0.01,1.0,3.0,0.01,1.0,6.0,4.0,6.0,5.0,4.0,14.0,18.0,7.0,18.0,19.0,19.0,10.0,16.0,12.0,12.0,25.0,19.0,20.0,27.0,6.0,15.0,4,7.0,3.0,11.0,6.0,9.0,5.0,14.0,8.0,11.0,24.0,23.0,19.0,20.0,24.0,34.0,36.0,47.0
Byelarus,0.01,0.01,0.01,0.01,2.0,0.01,0.01,0.01,0.01,0.01,0.01,0.01,0.01,1.0,0.01,1.0,13.0,65.0,55.0,388.0,1047.0,1100.0,1210.0,1166.0,1240.0,1204.0,1247.0,1099,965.0,985.0,991.0,952.0,992.0,964.0,946.0,1058.0,1026.0,999.0,1104.0,1199.0,1100.0,1146.0,1128.0,1142.0,1178.0
Cambodia,1.0,2.0,1.0,0.01,0.01,0.01,0.01,0.01,0.01,0.01,0.01,0.01,0.01,1.0,2.0,1.0,2.0,2.0,1.0,1.0,2.0,4.0,7.0,3.0,7.0,10.0,13.0,15,17.0,27.0,27.0,54.0,56.0,74.0,91.0,94.0,134.0,145.0,153.0,190.0,208.0,229.0,270.0,327.0,292.0
Cameroon,21.0,16.0,25.0,38.0,35.0,30.0,46.0,44.0,38.0,33.0,44.0,31.0,42.0,50.0,45.0,61.0,90.0,108.0,123.0,150.0,141.0,176.0,145.0,134.0,178.0,176.0,173.0,188,195.0,244.0,279.0,303.0,309.0,406.0,439.0,502.0,511.0,578.0,612.0,618.0,720.0,799.0,836.0,878.0,1007.0
Canada,14852.0,15349.0,16305.0,17029.0,18924.0,19542.0,19944.0,20439.0,20709.0,21978.0,23330.0,24647.0,25699.0,26494.0,27910.0,28155.0,29450.0,30155.0,31067.0,32564.0,33022.0,34247.0,34936.0,35050.0,34177.0,33702.0,33828.0,34586,34148.0,35245.0,38031.0,40132.0,43763.0,46918.0,48728.0,52464.0,55019.0,56609.0,59031.0,62016.0,64931.0,66389.0,67991.0,69944.0,69980.0
Central African Republic,2.0,2.0,2.0,3.0,5.0,7.0,7.0,9.0,11.0,8.0,7.0,11.0,5.0,14.0,17.0,17.0,26.0,15.0,14.0,20.0,9.0,11.0,18.0,8.0,16.0,12.0,13.0,13,11.0,12.0,13.0,17.0,20.0,20.0,21.0,19.0,24.0,21.0,25.0,31.0,31.0,32.0,33.0,43.0,25.0
Chad,13.0,9.0,8.0,4.0,6.0,5.0,9.0,2.0,1.0,1.0,1.0,1.0,1.0,1.0,0.01,2.0,1.0,2.0,2.0,1.0,6.0,2.0,8.0,3.0,6.0,4.0,5.0,6,9.0,12.0,13.0,8.0,21.0,25.0,12.0,14.0,19.0,11.0,20.0,15.0,16.0,28.0,24.0,37.0,36.0
Chile,424.0,392.0,408.0,428.0,417.0,462.0,532.0,547.0,655.0,715.0,793.0,768.0,799.0,874.0,914.0,984.0,1077.0,1122.0,1135.0,1214.0,1295.0,1290.0,1435.0,1525.0,1565.0,1672.0,1822.0,1922,2074.0,2383.0,2623.0,2731.0,3027.0,3271.0,3749.0,4254.0,4805.0,5099.0,5807.0,6430.0,6643.0,7587.0,8292.0,9157.0,9202.0
China,14.0,85.0,57.0,67.0,147.0,213.0,446.0,840.0,1657.0,2482.0,2812.0,3142.0,3454.0,4158.0,5188.0,6183.0,6826.0,7548.0,7955.0,8718.0,9488.0,10314.0,13000.0,14737.0,16670.0,19551.0,23602.0,29920,35366.0,39558.0,47793.0,59364.0,71972.0,86043.0,95562.0,109301.0,126360.0,139402.0,162943.0,189478.0,222853.0,256408.0,287310.0,315479.0,342562.0
Colombia,79.0,93.0,105.0,102.0,139.0,140.0,111.0,119.0,134.0,137.0,134.0,126.0,133.0,156.0,138.0,155.0,167.0,203.0,181.0,211.0,221.0,263.0,306.0,370.0,467.0,490.0,529.0,665,645.0,737.0,730.0,818.0,911.0,1084.0,1418.0,2136.0,2384.0,2748.0,3081.0,3440.0,3580.0,3583.0,4142.0,4642.0,5058.0
Comoros,0.01,0.01,0.01,0.01,0.01,0.01,0.01,0.01,0.01,0.01,0.01,0.01,0.01,0.01,0.01,0.01,1.0,2.0,0.01,0.01,3.0,2.0,1.0,0.01,0.01,1.0,2.0,1,1.0,1.0,2.0,3.0,4.0,1.0,7.0,3.0,1.0,3.0,6.0,3.0,2.0,0.01,6.0,16.0,9.0
Congo,24.0,19.0,27.0,46.0,45.0,50.0,46.0,40.0,38.0,36.0,50.0,58.0,58.0,61.0,72.0,74.0,63.0,69.0,73.0,70.0,65.0,95.0,66.0,67.0,56.0,56.0,65.0,57,32.0,49.0,59.0,57.0,76.0,98.0,114.0,112.0,156.0,183.0,209.0,241.0,256.0,323.0,360.0,393.0,411.0
Cook Islands,0.01,0.01,0.01,0.01,1.0,2.0,4.0,3.0,2.0,6.0,3.0,3.0,4.0,2.0,1.0,3.0,5.0,0.01,0.01,0.01,3.0,2.0,3.0,3.0,1.0,0.01,0.01,2,0.01,1.0,0.01,0.01,1.0,1.0,4.0,0.01,0.01,2.0,3.0,3.0,4.0,7.0,6.0,3.0,4.0
Costa Rica,59.0,51.0,61.0,68.0,75.0,106.0,97.0,127.0,79.0,95.0,131.0,125.0,122.0,123.0,145.0,139.0,132.0,146.0,129.0,152.0,173.0,194.0,153.0,232.0,257.0,222.0,197.0,210,264.0,257.0,263.0,303.0,316.0,312.0,324.0,399.0,404.0,412.0,463.0,475.0,443.0,560.0,580.0,650.0,679.0
Croatia,0.01,0.01,0.01,0.01,2.0,0.01,0.01,0.01,1.0,0.01,0.01,0.01,0.01,0.01,1.0,1.0,11.0,21.0,27.0,140.0,845.0,848.0,1008.0,1058.0,1025.0,1139.0,1213.0,1305,1308.0,1420.0,1542.0,1658.0,1855.0,1953.0,2485.0,2992.0,3370.0,3580.0,3928.0,3877.0,3672.0,3542.0,3551.0,3745.0,3771.0
Cuba,26.0,24.0,30.0,84.0,85.0,83.0,115.0,103.0,127.0,176.0,164.0,151.0,133.0,154.0,191.0,221.0,241.0,242.0,215.0,245.0,240.0,265.0,328.0,408.0,406.0,508.0,598.0,627,686.0,601.0,686.0,644.0,676.0,737.0,744.0,826.0,793.0,740.0,853.0,881.0,876.0,827.0,793.0,792.0,769.0
Cyprus,11.0,9.0,16.0,21.0,17.0,14.0,10.0,17.0,17.0,18.0,15.0,28.0,18.0,15.0,20.0,22.0,24.0,20.0,22.0,52.0,50.0,61.0,121.0,118.0,167.0,160.0,167.0,183,183.0,227.0,221.0,270.0,301.0,350.0,402.0,497.0,636.0,759.0,806.0,937.0,1089.0,1099.0,1170.0,1335.0,1473.0
Czech Republic,0.01,0.01,0.01,0.01,0.01,1.0,2.0,1.0,0.01,0.01,0.01,3.0,0.01,0.01,1.0,7.0,38.0,186.0,195.0,88.0,528.0,3428.0,3463.0,3881.0,4060.0,4053.0,4297.0,4430,4657.0,4982.0,5271.0,5852.0,6016.0,6808.0,7455.0,8198.0,8687.0,9431.0,9892.0,10703.0,11181.0,12198.0,12951.0,13371.0,13626.0
Denmark,2224.0,2420.0,2420.0,2686.0,3282.0,3310.0,3592.0,3599.0,3791.0,4010.0,4210.0,4187.0,4318.0,4551.0,4426.0,4678.0,4751.0,4881.0,5132.0,5753.0,5824.0,6443.0,6542.0,6739.0,7227.0,7567.0,7718.0,7912,8063.0,8033.0,8417.0,8773.0,9129.0,9531.0,9966.0,10566.0,11124.0,12255.0,13642.0,14859.0,15956.0,17255.0,18414.0,19529.0,19731.0
Dominica ,0.01,0.01,0.01,0.01,0.01,0.01,0.01,0.01,0.01,0.01,0.01,0.01,0.01,0.01,0.01,0.01,0.01,0.01,0.01,0.01,2.0,2.0,0.01,1.0,0.01,2.0,1.0,1,3.0,1.0,4.0,3.0,7.0,6.0,8.0,4.0,6.0,15.0,10.0,14.0,19.0,12.0,17.0,18.0,24.0
Dominican Republic,5.0,2.0,4.0,4.0,7.0,10.0,9.0,9.0,22.0,16.0,10.0,17.0,16.0,21.0,15.0,10.0,14.0,20.0,22.0,16.0,22.0,22.0,15.0,26.0,23.0,20.0,20.0,41,24.0,17.0,19.0,25.0,20.0,21.0,33.0,43.0,34.0,45.0,50.0,59.0,73.0,63.0,106.0,96.0,111.0
Ecuador,9.0,12.0,15.0,14.0,8.0,21.0,16.0,11.0,15.0,18.0,33.0,21.0,24.0,19.0,30.0,31.0,29.0,38.0,56.0,40.0,38.0,70.0,82.0,67.0,102.0,94.0,82.0,117,97.0,144.0,153.0,159.0,205.0,197.0,261.0,288.0,359.0,303.0,324.0,412.0,462.0,582.0,889.0,1216.0,1452.0
Egypt,17.0,21.0,49.0,722.0,1006.0,1033.0,1123.0,1229.0,1355.0,1369.0,1419.0,1367.0,1375.0,1492.0,1557.0,1674.0,1805.0,1786.0,2010.0,1850.0,1892.0,2078.0,2163.0,2119.0,2108.0,2149.0,2226.0,2343,2446.0,2615.0,2899.0,2855.0,2914.0,3215.0,3633.0,4190.0,4963.0,5620.0,6821.0,7515.0,8151.0,9190.0,10196.0,11522.0,11753.0
El Salvador,5.0,10.0,18.0,11.0,14.0,13.0,12.0,13.0,14.0,1.0,9.0,3.0,5.0,3.0,4.0,6.0,2.0,11.0,3.0,6.0,10.0,6.0,6.0,10.0,12.0,2.0,6.0,11,12.0,17.0,6.0,22.0,21.0,20.0,17.0,20.0,27.0,37.0,44.0,47.0,39.0,50.0,75.0,68.0,61.0
Equatorial Guinea,0.01,0.01,0.01,0.01,0.01,0.01,0.01,0.01,0.01,0.01,0.01,0.01,0.01,0.01,0.01,0.01,2.0,1.0,2.0,0.01,5.0,1.0,2.0,1.0,4.0,1.0,3.0,1,3.0,2.0,4.0,4.0,1.0,2.0,3.0,2.0,5.0,4.0,5.0,5.0,2.0,4.0,11.0,11.0,5.0
Eritrea,0.01,0.01,0.01,0.01,0.01,0.01,0.01,0.01,0.01,0.01,0.01,0.01,0.01,0.01,0.01,0.01,0.01,0.01,0.01,0.01,0.01,2.0,2.0,6.0,1.0,17.0,10.0,14,19.0,26.0,19.0,20.0,28.0,31.0,29.0,16.0,20.0,13.0,14.0,4.0,20.0,22.0,26.0,19.0,23.0
Estonia,0.01,0.01,0.01,0.01,0.01,0.01,0.01,0.01,0.01,0.01,0.01,2.0,0.01,1.0,1.0,0.01,3.0,12.0,17.0,47.0,295.0,377.0,379.0,483.0,491.0,550.0,592.0,558,606.0,592.0,641.0,728.0,783.0,841.0,1028.0,1089.0,1232.0,1419.0,1508.0,1577.0,1800.0,1921.0,1870.0,2042.0,1999.0
Ethiopia,55.0,48.0,39.0,40.0,40.0,47.0,43.0,46.0,52.0,79.0,98.0,90.0,76.0,86.0,124.0,126.0,111.0,149.0,186.0,153.0,189.0,168.0,191.0,209.0,219.0,191.0,243.0,215,203.0,260.0,267.0,290.0,279.0,306.0,404.0,428.0,523.0,565.0,681.0,728.0,899.0,1095.0,1170.0,1352.0,1685.0
Federated States of Micronesia ,0.01,2.0,0.01,2.0,1.0,0.01,1.0,0.01,0.01,1.0,1.0,1.0,0.01,0.01,1.0,0.01,5.0,1.0,0.01,1.0,2.0,4.0,6.0,3.0,0.01,1.0,3.0,5,1.0,0.01,6.0,7.0,4.0,7.0,8.0,5.0,12.0,10.0,4.0,10.0,7.0,13.0,14.0,11.0,29.0
Fiji,18.0,16.0,26.0,25.0,17.0,17.0,21.0,19.0,24.0,21.0,31.0,30.0,29.0,42.0,54.0,32.0,23.0,23.0,30.0,26.0,38.0,27.0,26.0,21.0,30.0,28.0,37.0,36,35.0,37.0,41.0,51.0,67.0,79.0,89.0,86.0,89.0,85.0,96.0,104.0,123.0,141.0,128.0,170.0,201.0
Finland,1452.0,1533.0,1504.0,1658.0,1964.0,2337.0,2456.0,2614.0,2629.0,3117.0,3274.0,3485.0,3411.0,3505.0,3763.0,3804.0,3868.0,4125.0,4428.0,4740.0,5123.0,5622.0,5898.0,6329.0,6612.0,6932.0,7259.0,7519,7737.0,7750.0,8013.0,8325.0,8360.0,8966.0,9092.0,9572.0,9861.0,10259.0,10790.0,11271.0,11964.0,12890.0,13249.0,13674.0,13457.0
France,16651.0,17969.0,17821.0,18838.0,22615.0,22160.0,23293.0,24216.0,24794.0,25690.0,26384.0,27146.0,28319.0,29013.0,30078.0,31291.0,31927.0,32960.0,34659.0,36803.0,38078.0,40934.0,43201.0,45108.0,47000.0,48927.0,49669.0,49935,49377.0,49957.0,51054.0,52120.0,54475.0,56595.0,57754.0,62420.0,64202.0,65400.0,67707.0,69975.0,73055.0,73009.0,75029.0,77240.0,75965.0
French-Guiana,0.01,2.0,0.01,2.0,4.0,7.0,1.0,4.0,11.0,11.0,7.0,13.0,10.0,9.0,15.0,9.0,11.0,9.0,14.0,19.0,25.0,16.0,23.0,23.0,27.0,23.0,26.0,29,37.0,39.0,43.0,50.0,43.0,41.0,35.0,38.0,53.0,62.0,61.0,80.0,78.0,79.0,90.0,120.0,91.0
French-Polynesia,6.0,5.0,4.0,14.0,13.0,7.0,16.0,17.0,8.0,8.0,7.0,18.0,13.0,15.0,27.0,17.0,26.0,19.0,30.0,31.0,46.0,42.0,44.0,40.0,49.0,42.0,36.0,46,34.0,38.0,36.0,43.0,40.0,52.0,42.0,53.0,72.0,70.0,71.0,107.0,80.0,91.0,131.0,141.0,36.0
Gabon,3.0,4.0,3.0,5.0,6.0,8.0,6.0,12.0,7.0,15.0,15.0,24.0,24.0,21.0,33.0,36.0,30.0,32.0,43.0,41.0,27.0,43.0,43.0,36.0,47.0,61.0,59.0,46,58.0,58.0,60.0,57.0,69.0,78.0,77.0,85.0,88.0,86.0,119.0,103.0,118.0,149.0,152.0,141.0,153.0
Gambia,5.0,5.0,8.0,6.0,14.0,8.0,10.0,15.0,20.0,9.0,1.0,9.0,4.0,4.0,0.01,0.01,0.01,1.0,0.01,1.0,2.0,52.0,52.0,58.0,73.0,45.0,53.0,55,69.0,66.0,68.0,70.0,68.0,92.0,72.0,93.0,90.0,98.0,78.0,106.0,118.0,136.0,138.0,143.0,168.0
Georgia,1.0,1.0,0.01,0.01,0.01,0.01,0.01,0.01,0.01,0.01,0.01,0.01,0.01,0.01,0.01,1.0,6.0,13.0,34.0,73.0,228.0,196.0,204.0,214.0,230.0,212.0,255.0,252,233.0,284.0,242.0,299.0,307.0,369.0,329.0,351.0,375.0,399.0,504.0,609.0,549.0,575.0,627.0,673.0,671.0
Germany,20404.0,24749.0,23563.0,25351.0,32440.0,34337.0,34110.0,34426.0,36396.0,38236.0,39462.0,39808.0,41155.0,41512.0,42863.0,43479.0,44901.0,46871.0,47244.0,47220.0,49528.0,52132.0,55276.0,59410.0,63191.0,66460.0,67956.0,68651,68806.0,69540.0,70401.0,73100.0,76496.0,78612.0,80743.0,84144.0,87759.0,91194.0,95967.0,100914.0,104856.0,105554.0,108392.0,111973.0,111966.0
Ghana ,88.0,107.0,85.0,93.0,86.0,79.0,75.0,91.0,80.0,76.0,56.0,59.0,74.0,52.0,53.0,59.0,67.0,77.0,88.0,113.0,97.0,119.0,117.0,133.0,148.0,137.0,165.0,177,167.0,178.0,186.0,198.0,222.0,243.0,303.0,355.0,386.0,495.0,505.0,596.0,698.0,793.0,1000.0,1215.0,1244.0
Greece,351.0,446.0,466.0,507.0,663.0,665.0,726.0,884.0,998.0,1172.0,1229.0,1265.0,1397.0,1603.0,1727.0,1842.0,2103.0,1975.0,2426.0,2589.0,2835.0,3106.0,3384.0,3796.0,4046.0,4401.0,4500.0,5056,5469.0,5948.0,6355.0,7235.0,7855.0,9020.0,9628.0,10179.0,10566.0,10655.0,10858.0,11204.0,11057.0,10880.0,10794.0,11042.0,10783.0
Grenada,0.01,0.01,0.01,0.01,0.01,0.01,0.01,0.01,0.01,0.01,0.01,0.01,0.01,0.01,0.01,0.01,0.01,0.01,0.01,1.0,1.0,1.0,1.0,1.0,1.0,1.0,4.0,2,1.0,2.0,7.0,6.0,7.0,18.0,33.0,37.0,44.0,58.0,63.0,87.0,89.0,126.0,101.0,93.0,149.0
Guadeloupe,5.0,11.0,11.0,11.0,15.0,20.0,23.0,14.0,9.0,18.0,32.0,21.0,20.0,25.0,33.0,19.0,22.0,25.0,23.0,22.0,43.0,49.0,51.0,65.0,55.0,50.0,57.0,60,53.0,56.0,66.0,85.0,73.0,89.0,95.0,108.0,130.0,128.0,95.0,123.0,144.0,170.0,158.0,183.0,146.0
Guatemala,27.0,37.0,51.0,40.0,42.0,32.0,53.0,46.0,69.0,67.0,52.0,36.0,48.0,33.0,55.0,43.0,59.0,46.0,66.0,59.0,55.0,41.0,42.0,40.0,47.0,45.0,50.0,36,50.0,54.0,46.0,58.0,65.0,61.0,71.0,69.0,97.0,104.0,102.0,140.0,141.0,131.0,195.0,185.0,184.0
Guinea,2.0,0.01,0.01,0.01,5.0,1.0,0.01,2.0,1.0,0.01,1.0,1.0,1.0,5.0,7.0,14.0,9.0,6.0,5.0,8.0,6.0,5.0,6.0,6.0,9.0,8.0,7.0,5,21.0,13.0,11.0,12.0,13.0,30.0,21.0,16.0,24.0,30.0,24.0,32.0,38.0,53.0,78.0,95.0,105.0
Guinea-Bissau,0.01,0.01,0.01,0.01,0.01,0.01,0.01,0.01,0.01,0.01,0.01,0.01,0.01,1.0,1.0,0.01,6.0,6.0,6.0,5.0,10.0,11.0,7.0,11.0,13.0,8.0,19.0,11,11.0,22.0,20.0,20.0,19.0,17.0,27.0,20.0,19.0,20.0,27.0,31.0,33.0,42.0,36.0,48.0,48.0
Guyana,11.0,8.0,6.0,6.0,10.0,10.0,11.0,4.0,15.0,6.0,17.0,11.0,11.0,12.0,10.0,9.0,5.0,7.0,14.0,11.0,13.0,4.0,13.0,8.0,12.0,10.0,12.0,11,13.0,14.0,7.0,9.0,20.0,12.0,25.0,19.0,12.0,26.0,21.0,22.0,22.0,28.0,28.0,33.0,29.0
Haiti,1.0,3.0,7.0,3.0,3.0,2.0,1.0,3.0,5.0,7.0,12.0,10.0,6.0,12.0,6.0,9.0,10.0,10.0,17.0,8.0,12.0,7.0,6.0,5.0,4.0,10.0,3.0,11,8.0,13.0,13.0,12.0,16.0,26.0,18.0,22.0,23.0,29.0,52.0,47.0,59.0,78.0,93.0,89.0,96.0
Honduras ,9.0,14.0,5.0,8.0,12.0,10.0,8.0,13.0,10.0,8.0,19.0,9.0,7.0,8.0,2.0,7.0,14.0,13.0,17.0,9.0,15.0,20.0,13.0,17.0,23.0,27.0,25.0,22,20.0,25.0,26.0,27.0,27.0,32.0,25.0,30.0,36.0,45.0,50.0,60.0,60.0,46.0,74.0,59.0,87.0
Hong-Kong,136.0,180.0,205.0,236.0,319.0,303.0,338.0,358.0,385.0,463.0,476.0,610.0,668.0,762.0,876.0,853.0,1042.0,1103.0,1118.0,1298.0,1548.0,1859.0,2470.0,3213.0,3918.0,3488.0,3339.0,405,63.0,0.01,0.01,0.01,0.01,0.01,0.01,0.01,0.01,0.01,0.01,0.01,0.01,0.01,0.01,0.01,0.01
Hungary,1906.0,2146.0,1944.0,2123.0,2445.0,2613.0,2751.0,2810.0,2889.0,2924.0,2911.0,3059.0,2917.0,3030.0,2960.0,2951.0,2948.0,2878.0,2948.0,2983.0,3029.0,3061.0,3206.0,3346.0,3642.0,3920.0,3986.0,4255,4286.0,4331.0,4628.0,4545.0,4967.0,5145.0,5244.0,5819.0,5636.0,5387.0,5985.0,6407.0,6670.0,7023.0,7157.0,7432.0,7270.0
Iceland,21.0,24.0,30.0,29.0,43.0,46.0,45.0,65.0,51.0,89.0,69.0,63.0,90.0,89.0,98.0,102.0,116.0,152.0,170.0,187.0,199.0,220.0,262.0,248.0,265.0,317.0,289.0,295,358.0,378.0,399.0,430.0,446.0,496.0,531.0,638.0,696.0,849.0,826.0,958.0,1016.0,998.0,1085.0,1237.0,1151.0
India,7732.0,7940.0,8249.0,9518.0,11696.0,12598.0,13380.0,13811.0,14037.0,13830.0,13853.0,13815.0,13085.0,13696.0,14064.0,14233.0,14558.0,14380.0,14892.0,14880.0,15041.0,15423.0,15322.0,15876.0,15919.0,16553.0,16964.0,17074,18087.0,19338.0,21255.0,22903.0,25181.0,28228.0,33054.0,37762.0,39617.0,42908.0,47069.0,50031.0,54615.0,59377.0,61613.0,65398.0,67089.0
Indonesia,34.0,35.0,39.0,41.0,55.0,82.0,80.0,82.0,95.0,99.0,123.0,133.0,140.0,114.0,126.0,144.0,190.0,169.0,192.0,165.0,222.0,266.0,290.0,328.0,374.0,349.0,395.0,463,494.0,471.0,470.0,525.0,585.0,660.0,663.0,741.0,940.0,1061.0,1206.0,1416.0,1646.0,1771.0,1979.0,2339.0,2567.0
Iran,212.0,251.0,307.0,392.0,480.0,573.0,444.0,313.0,245.0,146.0,131.0,121.0,106.0,143.0,142.0,143.0,140.0,158.0,208.0,232.0,305.0,362.0,460.0,555.0,675.0,872.0,1074.0,1329,1600.0,2150.0,2938.0,3599.0,4751.0,6217.0,9109.0,11437.0,14704.0,17315.0,22042.0,24888.0,26315.0,27950.0,29789.0,33506.0,35982.0
Iraq,55.0,73.0,62.0,109.0,155.0,201.0,206.0,221.0,219.0,194.0,201.0,186.0,271.0,285.0,255.0,327.0,323.0,254.0,148.0,126.0,120.0,120.0,90.0,73.0,67.0,60.0,53.0,55,73.0,65.0,81.0,56.0,89.0,128.0,180.0,202.0,262.0,283.0,362.0,517.0,827.0,962.0,1038.0,1260.0,1600.0
Ireland,591.0,552.0,700.0,655.0,762.0,809.0,824.0,935.0,951.0,1057.0,1142.0,1145.0,1096.0,1215.0,1321.0,1256.0,1323.0,1342.0,1485.0,1524.0,1678.0,1851.0,2011.0,2203.0,2367.0,2556.0,2571.0,2744,2805.0,2974.0,3152.0,3712.0,4180.0,4637.0,4973.0,5689.0,6162.0,6903.0,7420.0,7532.0,7948.0,7986.0,8098.0,8760.0,8856.0
Israel,3175.0,3571.0,3680.0,3930.0,4660.0,4800.0,4589.0,4924.0,5300.0,5721.0,5968.0,6161.0,6364.0,6556.0,6614.0,6787.0,6810.0,6804.0,6968.0,7307.0,8022.0,8143.0,8645.0,8812.0,9257.0,9325.0,9404.0,9916,9844.0,10307.0,10717.0,10828.0,10850.0,11464.0,11528.0,11982.0,11941.0,12134.0,12541.0,12985.0,13346.0,13861.0,14430.0,15203.0,14800.0
Italy,5499.0,6745.0,6247.0,6423.0,8014.0,8404.0,8720.0,9438.0,10169.0,11028.0,12400.0,12942.0,13346.0,13501.0,14238.0,15825.0,16890.0,17646.0,19245.0,21007.0,22125.0,24159.0,26117.0,28075.0,29167.0,30324.0,30985.0,32196,33479.0,34639.0,37710.0,39446.0,41065.0,43515.0,46171.0,49035.0,51594.0,52994.0,55685.0,59137.0,64077.0,65512.0,67542.0,70263.0,69772.0
Ivory Coast,38.0,49.0,50.0,62.0,91.0,113.0,98.0,135.0,127.0,124.0,95.0,105.0,82.0,84.0,122.0,84.0,78.0,93.0,90.0,86.0,89.0,121.0,101.0,84.0,127.0,159.0,126.0,139,121.0,115.0,151.0,125.0,114.0,132.0,160.0,189.0,206.0,210.0,224.0,260.0,220.0,250.0,264.0,282.0,277.0
Jamaica,90.0,95.0,69.0,94.0,129.0,142.0,135.0,134.0,157.0,132.0,119.0,147.0,136.0,117.0,140.0,135.0,124.0,122.0,121.0,124.0,128.0,166.0,149.0,136.0,118.0,115.0,134.0,117,154.0,151.0,134.0,159.0,144.0,134.0,156.0,177.0,185.0,200.0,220.0,205.0,197.0,204.0,172.0,199.0,161.0
Japan,14539.0,15315.0,16086.0,17377.0,20410.0,22318.0,22699.0,26844.0,28570.0,29473.0,31225.0,32688.0,34930.0,36483.0,39250.0,40731.0,43408.0,45259.0,49066.0,51312.0,54085.0,57967.0,59996.0,64022.0,65989.0,69631.0,71705.0,73841,73366.0,74830.0,77110.0,77496.0,77478.0,77844.0,76724.0,77233.0,76762.0,75671.0,77751.0,78536.0,80283.0,78738.0,77764.0,79600.0,79428.0
Jordan,13.0,20.0,12.0,12.0,30.0,42.0,56.0,45.0,57.0,69.0,88.0,117.0,125.0,172.0,213.0,244.0,247.0,246.0,228.0,213.0,199.0,251.0,296.0,296.0,367.0,432.0,464.0,491,479.0,537.0,565.0,630.0,658.0,694.0,850.0,1018.0,1065.0,1102.0,1083.0,1137.0,1250.0,1309.0,1358.0,1528.0,1671.0
Kazakhstan,0.01,0.01,0.01,0.01,0.01,0.01,0.01,0.01,0.01,0.01,0.01,0.01,0.01,0.01,0.01,3.0,7.0,32.0,44.0,161.0,270.0,240.0,231.0,205.0,173.0,197.0,173.0,192,196.0,217.0,250.0,235.0,203.0,214.0,259.0,231.0,277.0,258.0,292.0,435.0,563.0,703.0,822.0,916.0,1081.0
Kenya,161.0,198.0,221.0,197.0,252.0,262.0,277.0,297.0,369.0,364.0,369.0,380.0,361.0,358.0,419.0,405.0,432.0,433.0,461.0,523.0,542.0,515.0,524.0,540.0,506.0,504.0,514.0,504,528.0,581.0,614.0,585.0,599.0,717.0,817.0,916.0,975.0,1132.0,1306.0,1338.0,1432.0,1676.0,1733.0,1912.0,1932.0
Kuwait,30.0,35.0,22.0,66.0,80.0,95.0,125.0,116.0,144.0,179.0,200.0,230.0,300.0,328.0,384.0,425.0,517.0,463.0,286.0,174.0,188.0,291.0,388.0,438.0,484.0,540.0,586.0,491,506.0,494.0,484.0,535.0,550.0,579.0,596.0,696.0,674.0,666.0,669.0,628.0,731.0,721.0,724.0,850.0,895.0
Kyrgyzstan,0.01,0.01,0.01,0.01,0.01,0.01,0.01,0.01,0.01,0.01,0.01,0.01,0.01,0.01,0.01,0.01,2.0,4.0,3.0,12.0,42.0,35.0,25.0,28.0,22.0,34.0,34.0,39,51.0,40.0,27.0,34.0,49.0,49.0,52.0,60.0,57.0,61.0,70.0,76.0,104.0,86.0,99.0,131.0,150.0
Laos,0.01,0.01,0.01,1.0,0.01,1.0,2.0,0.01,0.01,0.01,0.01,0.01,2.0,0.01,0.01,0.01,0.01,0.01,2.0,7.0,1.0,0.01,4.0,2.0,6.0,7.0,6.0,9,14.0,17.0,26.0,34.0,36.0,51.0,46.0,59.0,61.0,98.0,126.0,152.0,148.0,145.0,179.0,185.0,161.0
Latvia,0.01,0.01,0.01,0.01,0.01,0.01,0.01,0.01,0.01,0.01,0.01,0.01,0.01,0.01,0.01,0.01,5.0,43.0,62.0,124.0,279.0,271.0,300.0,282.0,333.0,353.0,376.0,331,344.0,360.0,321.0,344.0,332.0,311.0,382.0,459.0,448.0,441.0,613.0,609.0,648.0,672.0,742.0,818.0,812.0
Lebanon ,151.0,215.0,126.0,119.0,119.0,99.0,93.0,93.0,128.0,110.0,111.0,110.0,151.0,124.0,93.0,88.0,71.0,57.0,72.0,74.0,89.0,107.0,113.0,121.0,199.0,209.0,254.0,288,360.0,345.0,388.0,432.0,502.0,578.0,579.0,670.0,702.0,773.0,786.0,937.0,1082.0,1211.0,1283.0,1563.0,1661.0
Lesotho,4.0,3.0,5.0,8.0,6.0,4.0,4.0,4.0,6.0,9.0,7.0,11.0,14.0,9.0,11.0,8.0,9.0,9.0,14.0,6.0,14.0,11.0,5.0,5.0,7.0,2.0,8.0,9,6.0,7.0,6.0,5.0,6.0,17.0,14.0,19.0,26.0,22.0,23.0,26.0,23.0,26.0,28.0,29.0,31.0
Liberia ,7.0,1.0,6.0,2.0,5.0,5.0,6.0,12.0,10.0,3.0,19.0,23.0,24.0,9.0,7.0,11.0,8.0,14.0,19.0,10.0,3.0,4.0,1.0,4.0,1.0,2.0,0.01,1,3.0,5.0,1.0,4.0,4.0,5.0,0.01,7.0,1.0,8.0,12.0,13.0,15.0,21.0,48.0,52.0,54.0
Libya,13.0,12.0,22.0,23.0,33.0,44.0,52.0,61.0,59.0,60.0,61.0,62.0,75.0,61.0,71.0,70.0,64.0,56.0,62.0,52.0,49.0,46.0,52.0,39.0,38.0,57.0,44.0,41,49.0,42.0,67.0,59.0,69.0,92.0,98.0,126.0,127.0,160.0,122.0,161.0,183.0,203.0,210.0,217.0,229.0
Liechtenstein,3.0,9.0,5.0,7.0,5.0,3.0,6.0,4.0,14.0,9.0,16.0,12.0,9.0,9.0,9.0,13.0,14.0,13.0,9.0,16.0,16.0,15.0,25.0,15.0,20.0,10.0,23.0,27,14.0,13.0,26.0,26.0,31.0,35.0,36.0,44.0,40.0,55.0,47.0,65.0,64.0,78.0,69.0,94.0,98.0
Lithuania,0.01,1.0,1.0,0.01,0.01,0.01,0.01,0.01,0.01,1.0,0.01,0.01,0.01,0.01,0.01,0.01,2.0,12.0,14.0,60.0,225.0,286.0,314.0,326.0,368.0,425.0,488.0,477,521.0,630.0,680.0,852.0,941.0,1204.0,1901.0,2006.0,1948.0,1921.0,2173.0,2106.0,2052.0,2208.0,2391.0,2407.0,2405.0
Luxembourg,7.0,11.0,13.0,4.0,13.0,9.0,20.0,18.0,23.0,26.0,32.0,31.0,20.0,25.0,21.0,23.0,23.0,39.0,37.0,42.0,60.0,55.0,60.0,61.0,79.0,83.0,73.0,104,107.0,113.0,121.0,171.0,177.0,224.0,249.0,359.0,450.0,536.0,675.0,739.0,948.0,1085.0,1104.0,1213.0,1163.0
Macau,0.01,0.01,0.01,0.01,0.01,1.0,0.01,1.0,0.01,0.01,0.01,0.01,0.01,1.0,2.0,3.0,3.0,4.0,2.0,6.0,5.0,4.0,4.0,7.0,10.0,20.0,17.0,9,10.0,11.0,13.0,23.0,0.01,0.01,0.01,0.01,0.01,0.01,0.01,0.01,0.01,1.0,3.0,1.0,0.01
Macedonia,0.01,0.01,0.01,0.01,0.01,0.01,0.01,0.01,0.01,0.01,0.01,0.01,0.01,0.01,0.01,0.01,2.0,0.01,1.0,5.0,51.0,55.0,59.0,77.0,94.0,82.0,98.0,123,132.0,105.0,101.0,117.0,110.0,135.0,184.0,207.0,226.0,242.0,282.0,305.0,320.0,384.0,416.0,466.0,440.0
Madagascar,25.0,14.0,14.0,10.0,10.0,14.0,9.0,10.0,17.0,16.0,15.0,13.0,25.0,29.0,19.0,22.0,32.0,35.0,37.0,25.0,38.0,50.0,43.0,44.0,50.0,75.0,66.0,77,78.0,59.0,105.0,83.0,110.0,143.0,157.0,154.0,158.0,170.0,188.0,196.0,219.0,198.0,241.0,231.0,274.0
Malawi,15.0,20.0,23.0,28.0,20.0,22.0,26.0,22.0,36.0,38.0,41.0,34.0,37.0,33.0,28.0,45.0,41.0,50.0,50.0,32.0,65.0,80.0,74.0,94.0,83.0,77.0,87.0,107,102.0,112.0,115.0,115.0,117.0,135.0,201.0,234.0,235.0,269.0,317.0,346.0,343.0,392.0,438.0,482.0,580.0
Malaysia,158.0,185.0,184.0,213.0,198.0,253.0,261.0,257.0,231.0,288.0,274.0,252.0,244.0,260.0,294.0,321.0,332.0,366.0,383.0,371.0,445.0,534.0,629.0,630.0,629.0,721.0,893.0,855,952.0,1015.0,1187.0,1377.0,1589.0,1871.0,2279.0,2967.0,4482.0,6148.0,8166.0,9178.0,10025.0,11367.0,11564.0,12004.0,11501.0
Maldives,2.0,0.01,0.01,0.01,0.01,0.01,0.01,1.0,0.01,0.01,0.01,0.01,0.01,1.0,0.01,0.01,0.01,0.01,1.0,1.0,0.01,0.01,1.0,4.0,0.01,3.0,3.0,1,5.0,1.0,3.0,1.0,1.0,4.0,5.0,3.0,5.0,6.0,6.0,9.0,6.0,19.0,18.0,12.0,20.0
Mali,2.0,3.0,5.0,3.0,5.0,5.0,6.0,17.0,15.0,12.0,12.0,20.0,15.0,21.0,16.0,23.0,15.0,15.0,27.0,25.0,23.0,40.0,36.0,39.0,46.0,45.0,28.0,33,51.0,57.0,58.0,70.0,73.0,99.0,83.0,98.0,115.0,132.0,162.0,183.0,156.0,149.0,200.0,197.0,222.0
Malta,14.0,20.0,13.0,17.0,19.0,18.0,19.0,7.0,7.0,6.0,4.0,6.0,3.0,7.0,9.0,6.0,19.0,21.0,18.0,20.0,27.0,29.0,45.0,34.0,48.0,50.0,65.0,37,43.0,57.0,69.0,48.0,75.0,70.0,86.0,127.0,110.0,132.0,146.0,204.0,253.0,262.0,328.0,340.0,383.0
Marshall Islands,0.01,1.0,0.01,0.01,1.0,0.01,0.01,1.0,0.01,1.0,0.01,0.01,1.0,1.0,0.01,1.0,1.0,0.01,1.0,3.0,1.0,1.0,4.0,2.0,4.0,0.01,2.0,1,1.0,2.0,3.0,5.0,1.0,5.0,0.01,1.0,6.0,2.0,3.0,4.0,1.0,5.0,6.0,1.0,5.0
Mauritania,0.01,0.01,1.0,1.0,1.0,0.01,1.0,4.0,1.0,1.0,2.0,0.01,2.0,5.0,4.0,0.01,7.0,2.0,2.0,6.0,7.0,5.0,5.0,7.0,11.0,7.0,12.0,16,14.0,14.0,20.0,13.0,27.0,20.0,21.0,13.0,20.0,16.0,21.0,25.0,26.0,29.0,23.0,35.0,31.0
Mauritius,7.0,5.0,4.0,7.0,7.0,7.0,9.0,10.0,10.0,7.0,5.0,5.0,4.0,3.0,5.0,6.0,5.0,20.0,11.0,12.0,14.0,19.0,16.0,20.0,14.0,30.0,36.0,40,45.0,56.0,36.0,46.0,50.0,55.0,42.0,51.0,64.0,85.0,73.0,97.0,106.0,119.0,127.0,136.0,154.0
Mexico,493.0,604.0,555.0,635.0,689.0,752.0,754.0,852.0,912.0,1078.0,1099.0,1074.0,1189.0,1256.0,1394.0,1344.0,1506.0,1611.0,1694.0,1981.0,2343.0,2506.0,3074.0,3419.0,3806.0,4331.0,4674.0,4877,5283.0,5538.0,6202.0,6724.0,7144.0,7291.0,8287.0,9044.0,9333.0,9681.0,10537.0,11374.0,12143.0,12780.0,13708.0,14726.0,15432.0
Moldova ,0.01,0.01,0.01,0.01,0.01,0.01,0.01,0.01,0.01,0.01,0.01,0.01,0.01,0.01,0.01,0.01,1.0,15.0,32.0,72.0,215.0,185.0,210.0,196.0,190.0,174.0,184.0,180,157.0,163.0,201.0,165.0,213.0,223.0,216.0,229.0,264.0,231.0,263.0,248.0,268.0,275.0,245.0,251.0,238.0
Monaco,7.0,15.0,12.0,14.0,15.0,14.0,12.0,18.0,15.0,16.0,24.0,16.0,24.0,22.0,30.0,24.0,18.0,23.0,24.0,25.0,22.0,28.0,29.0,43.0,29.0,44.0,52.0,33,45.0,42.0,52.0,62.0,62.0,58.0,56.0,58.0,82.0,71.0,85.0,74.0,83.0,87.0,114.0,119.0,152.0
Mongolia,7.0,6.0,10.0,5.0,15.0,19.0,13.0,22.0,19.0,21.0,18.0,16.0,32.0,27.0,15.0,27.0,22.0,18.0,36.0,27.0,30.0,22.0,19.0,40.0,46.0,30.0,40.0,42,44.0,47.0,61.0,66.0,69.0,71.0,100.0,129.0,169.0,172.0,149.0,176.0,226.0,218.0,241.0,258.0,269.0
Morocco,24.0,32.0,28.0,46.0,46.0,68.0,110.0,117.0,106.0,113.0,104.0,134.0,145.0,148.0,170.0,240.0,234.0,234.0,354.0,394.0,393.0,429.0,581.0,643.0,754.0,883.0,992.0,1055,1097.0,1096.0,1009.0,999.0,1001.0,1015.0,1090.0,1229.0,1269.0,1372.0,1509.0,1638.0,1765.0,1734.0,1822.0,2144.0,2204.0
Mozambique,11.0,13.0,8.0,1.0,5.0,5.0,6.0,6.0,7.0,9.0,9.0,7.0,15.0,11.0,14.0,14.0,10.0,12.0,16.0,15.0,21.0,18.0,30.0,19.0,25.0,30.0,33.0,28,45.0,30.0,33.0,45.0,56.0,66.0,82.0,90.0,109.0,114.0,176.0,156.0,158.0,191.0,258.0,297.0,323.0
Namibia,0.01,0.01,1.0,0.01,5.0,4.0,9.0,6.0,8.0,6.0,9.0,16.0,19.0,10.0,8.0,22.0,20.0,31.0,21.0,32.0,22.0,36.0,29.0,34.0,32.0,46.0,37.0,28,59.0,45.0,51.0,45.0,84.0,76.0,66.0,68.0,87.0,63.0,95.0,119.0,140.0,169.0,189.0,196.0,191.0
Nepal,2.0,10.0,8.0,14.0,6.0,18.0,7.0,21.0,25.0,18.0,36.0,35.0,25.0,34.0,33.0,34.0,51.0,45.0,47.0,45.0,57.0,58.0,67.0,66.0,85.0,91.0,102.0,112,129.0,132.0,148.0,161.0,170.0,212.0,228.0,261.0,303.0,363.0,375.0,411.0,523.0,566.0,624.0,673.0,838.0
Netherlands,3860.0,4093.0,4161.0,4587.0,5509.0,5890.0,6364.0,6659.0,7314.0,7919.0,8817.0,9343.0,9865.0,10180.0,10716.0,11671.0,12287.0,13096.0,13474.0,14717.0,15611.0,16460.0,17265.0,18172.0,18513.0,18947.0,18890.0,19405,19435.0,20351.0,21247.0,22332.0,24080.0,25069.0,25962.0,27709.0,30051.0,32253.0,33939.0,36607.0,38493.0,39148.0,40064.0,41726.0,41197.0
Netherlands-Antilles,4.0,4.0,1.0,2.0,5.0,6.0,4.0,6.0,6.0,3.0,5.0,6.0,6.0,0.01,7.0,1.0,2.0,3.0,4.0,8.0,18.0,8.0,20.0,10.0,22.0,10.0,14.0,16,11.0,22.0,18.0,24.0,34.0,38.0,20.0,33.0,27.0,24.0,23.0,21.0,35.0,20.0,25.0,26.0,14.0
New Zealand,1358.0,1399.0,1613.0,1660.0,2049.0,2262.0,2187.0,2248.0,2257.0,2381.0,2417.0,2581.0,2505.0,2500.0,2635.0,2690.0,2660.0,2860.0,2783.0,3002.0,3091.0,3420.0,3624.0,3831.0,4021.0,4231.0,4451.0,4397,4427.0,4472.0,4640.0,4962.0,5454.0,5742.0,6111.0,6655.0,6812.0,7667.0,8266.0,8621.0,9008.0,9242.0,9709.0,9995.0,10194.0
New-Caledonia,13.0,12.0,14.0,13.0,19.0,22.0,19.0,19.0,31.0,26.0,22.0,31.0,41.0,35.0,33.0,35.0,39.0,28.0,47.0,50.0,49.0,62.0,51.0,72.0,54.0,74.0,55.0,73,61.0,43.0,65.0,64.0,90.0,127.0,125.0,127.0,154.0,168.0,103.0,135.0,140.0,169.0,195.0,194.0,169.0
Nicaragua,5.0,4.0,6.0,4.0,5.0,2.0,2.0,4.0,5.0,4.0,5.0,3.0,9.0,13.0,7.0,18.0,5.0,11.0,19.0,14.0,21.0,13.0,14.0,22.0,32.0,22.0,21.0,29,21.0,19.0,27.0,31.0,44.0,60.0,43.0,64.0,57.0,66.0,70.0,83.0,66.0,67.0,72.0,102.0,109.0
Niger,0.01,2.0,1.0,2.0,3.0,8.0,6.0,10.0,6.0,13.0,12.0,13.0,13.0,18.0,22.0,23.0,26.0,44.0,39.0,48.0,57.0,52.0,48.0,47.0,70.0,62.0,44.0,42,41.0,42.0,47.0,30.0,70.0,67.0,71.0,84.0,79.0,79.0,94.0,88.0,88.0,126.0,137.0,132.0,112.0
Nigeria,405.0,471.0,571.0,695.0,903.0,1029.0,1076.0,1022.0,1133.0,1198.0,1185.0,1258.0,1280.0,1316.0,1283.0,1275.0,1204.0,1168.0,1080.0,988.0,919.0,792.0,771.0,783.0,811.0,762.0,800.0,795,688.0,767.0,765.0,883.0,1059.0,1203.0,1683.0,2157.0,2263.0,2490.0,2347.0,2036.0,1984.0,2384.0,2456.0,2867.0,3101.0
North Korea,0.01,0.01,0.01,2.0,0.01,2.0,0.01,0.01,0.01,1.0,1.0,3.0,2.0,7.0,10.0,13.0,7.0,3.0,5.0,4.0,1.0,1.0,1.0,0.01,1.0,3.0,4.0,1,0.01,4.0,6.0,15.0,11.0,10.0,21.0,36.0,29.0,34.0,19.0,38.0,22.0,25.0,77.0,91.0,92.0
Norway,1702.0,1742.0,1807.0,1768.0,2137.0,2182.0,2311.0,2430.0,2354.0,2581.0,2695.0,2774.0,2847.0,2783.0,2847.0,2955.0,2942.0,3159.0,3299.0,3620.0,3750.0,4039.0,4435.0,4504.0,4597.0,4871.0,4873.0,4930,5259.0,5231.0,5457.0,5966.0,6574.0,7253.0,7789.0,8474.0,9215.0,9806.0,10803.0,11531.0,12017.0,12564.0,12927.0,13991.0,14417.0
Oman,0.01,0.01,1.0,0.01,1.0,0.01,0.01,1.0,1.0,3.0,5.0,3.0,6.0,7.0,6.0,32.0,33.0,45.0,55.0,65.0,75.0,95.0,93.0,110.0,113.0,165.0,179.0,191,217.0,240.0,270.0,256.0,277.0,279.0,331.0,334.0,368.0,388.0,464.0,482.0,567.0,663.0,782.0,787.0,798.0
Pakistan,127.0,142.0,91.0,138.0,140.0,197.0,175.0,203.0,200.0,189.0,182.0,245.0,281.0,313.0,388.0,401.0,389.0,405.0,472.0,450.0,510.0,533.0,592.0,548.0,573.0,592.0,608.0,574,623.0,728.0,841.0,918.0,1146.0,1579.0,2553.0,3119.0,3642.0,4557.0,5862.0,6195.0,6830.0,7402.0,8197.0,9500.0,11334.0
Palau,0.01,1.0,0.01,0.01,0.01,0.01,0.01,0.01,2.0,1.0,1.0,3.0,2.0,0.01,1.0,1.0,1.0,1.0,0.01,2.0,2.0,1.0,0.01,1.0,4.0,2.0,1.0,5,8.0,2.0,3.0,7.0,7.0,9.0,11.0,4.0,6.0,4.0,7.0,6.0,8.0,12.0,17.0,14.0,23.0
Panama,35.0,19.0,17.0,14.0,13.0,10.0,17.0,16.0,33.0,30.0,39.0,46.0,61.0,56.0,67.0,70.0,58.0,87.0,68.0,59.0,81.0,61.0,70.0,82.0,77.0,96.0,99.0,86,127.0,124.0,136.0,160.0,153.0,190.0,227.0,250.0,249.0,293.0,301.0,354.0,376.0,373.0,440.0,457.0,482.0
Papua New Guinea,58.0,89.0,79.0,87.0,83.0,92.0,113.0,71.0,111.0,112.0,122.0,116.0,123.0,122.0,118.0,129.0,117.0,122.0,98.0,108.0,116.0,89.0,94.0,66.0,61.0,70.0,78.0,70,77.0,68.0,64.0,56.0,45.0,53.0,87.0,83.0,77.0,84.0,108.0,123.0,114.0,134.0,132.0,136.0,139.0
Paraguay,4.0,7.0,5.0,5.0,10.0,4.0,15.0,7.0,9.0,2.0,6.0,11.0,7.0,10.0,12.0,14.0,14.0,11.0,12.0,17.0,8.0,9.0,15.0,23.0,16.0,21.0,14.0,26,24.0,24.0,27.0,38.0,29.0,30.0,39.0,35.0,41.0,57.0,67.0,68.0,72.0,66.0,115.0,127.0,157.0
Peru,77.0,67.0,80.0,77.0,71.0,77.0,72.0,95.0,85.0,85.0,87.0,87.0,73.0,102.0,99.0,146.0,110.0,160.0,146.0,132.0,141.0,113.0,148.0,149.0,153.0,154.0,163.0,194,253.0,236.0,322.0,309.0,357.0,400.0,476.0,547.0,597.0,640.0,747.0,761.0,832.0,949.0,1135.0,1264.0,1386.0
Philippines,101.0,74.0,67.0,90.0,167.0,174.0,186.0,211.0,220.0,241.0,223.0,247.0,181.0,233.0,198.0,227.0,232.0,280.0,251.0,261.0,257.0,257.0,283.0,306.0,342.0,329.0,349.0,395,358.0,439.0,458.0,468.0,520.0,535.0,630.0,734.0,801.0,822.0,990.0,987.0,1132.0,1167.0,1310.0,1443.0,1502.0
Poland,2888.0,3202.0,3552.0,3800.0,4698.0,4990.0,4910.0,5052.0,5200.0,4169.0,4970.0,5142.0,5155.0,5272.0,5462.0,5982.0,5980.0,5831.0,5983.0,5835.0,6061.0,6538.0,7656.0,7891.0,8264.0,8726.0,9411.0,10052,11124.0,11557.0,12850.0,13855.0,14098.0,15550.0,16385.0,18717.0,19102.0,19845.0,21159.0,23125.0,24286.0,25659.0,27856.0,29078.0,28402.0
Portugal,138.0,119.0,130.0,134.0,162.0,150.0,187.0,220.0,261.0,301.0,359.0,380.0,400.0,503.0,554.0,674.0,712.0,902.0,979.0,1123.0,1259.0,1496.0,1702.0,1943.0,2217.0,2429.0,2995.0,3248,3593.0,4025.0,4521.0,5106.0,5394.0,6661.0,6530.0,7840.0,8708.0,9533.0,10821.0,12140.0,13412.0,13736.0,14373.0,15119.0,14988.0
Qatar,0.01,0.01,0.01,0.01,1.0,2.0,4.0,4.0,14.0,18.0,14.0,23.0,16.0,37.0,27.0,50.0,55.0,40.0,55.0,55.0,52.0,67.0,42.0,47.0,38.0,49.0,48.0,38,50.0,48.0,70.0,109.0,111.0,128.0,169.0,212.0,239.0,347.0,434.0,592.0,916.0,1393.0,1860.0,2350.0,2334.0
Reunion,1.0,0.01,1.0,1.0,2.0,4.0,1.0,4.0,12.0,7.0,5.0,9.0,2.0,10.0,6.0,9.0,13.0,13.0,12.0,12.0,12.0,16.0,11.0,44.0,30.0,50.0,52.0,53,50.0,49.0,61.0,65.0,66.0,72.0,93.0,110.0,127.0,150.0,138.0,178.0,181.0,195.0,194.0,255.0,94.0
Romania,913.0,950.0,877.0,898.0,1015.0,856.0,852.0,898.0,1125.0,957.0,1045.0,982.0,1054.0,1002.0,972.0,853.0,824.0,705.0,692.0,805.0,984.0,1193.0,1245.0,1542.0,1747.0,1599.0,1771.0,1941,1975.0,2164.0,2229.0,2361.0,2576.0,3022.0,4118.0,5431.0,6474.0,7054.0,7029.0,7413.0,8457.0,7555.0,8082.0,8093.0,7795.0
Russia,24193.0,24780.0,27855.0,29098.0,29976.0,30972.0,30948.0,31625.0,34752.0,35634.0,37035.0,38897.0,38086.0,37065.0,36950.0,38357.0,39542.0,40294.0,39135.0,31663.0,24950.0,25671.0,27096.0,27486.0,28065.0,27553.0,27536.0,27616,25753.0,26173.0,25600.0,25418.0,25286.0,24724.0,26068.0,27964.0,28601.0,27928.0,29404.0,28747.0,30317.0,31601.0,35549.0,36734.0,37638.0
Rwanda,3.0,5.0,2.0,6.0,3.0,4.0,7.0,4.0,7.0,4.0,10.0,8.0,11.0,20.0,20.0,25.0,20.0,15.0,16.0,26.0,28.0,27.0,24.0,15.0,12.0,16.0,9.0,5,9.0,8.0,6.0,16.0,15.0,29.0,37.0,36.0,62.0,81.0,107.0,113.0,137.0,167.0,203.0,236.0,262.0
Saint-Vincent-et-les-Grenadines,1.0,0.01,0.01,0.01,0.01,0.01,0.01,0.01,0.01,0.01,0.01,0.01,0.01,0.01,0.01,0.01,0.01,0.01,0.01,0.01,0.01,0.01,1.0,2.0,1.0,0.01,0.01,1,0.01,1.0,0.01,0.01,0.01,2.0,1.0,1.0,1.0,3.0,2.0,3.0,2.0,5.0,5.0,6.0,7.0
Samoa,5.0,3.0,3.0,4.0,1.0,2.0,2.0,1.0,4.0,2.0,2.0,0.01,2.0,2.0,4.0,2.0,2.0,3.0,2.0,10.0,6.0,9.0,6.0,0.01,6.0,3.0,5.0,3,2.0,7.0,1.0,6.0,3.0,10.0,2.0,1.0,0.01,0.01,0.01,5.0,3.0,8.0,3.0,11.0,22.0
San Marino,0.01,0.01,0.01,1.0,0.01,0.01,0.01,0.01,1.0,0.01,0.01,1.0,0.01,0.01,1.0,0.01,0.01,1.0,1.0,2.0,0.01,1.0,0.01,1.0,3.0,4.0,2.0,1,1.0,0.01,0.01,1.0,1.0,2.0,4.0,4.0,1.0,5.0,4.0,11.0,11.0,8.0,13.0,18.0,21.0
Sao Tome & Principe,0.01,0.01,0.01,0.01,0.01,0.01,0.01,0.01,0.01,0.01,0.01,0.01,0.01,0.01,0.01,0.01,0.01,0.01,0.01,0.01,0.01,0.01,0.01,1.0,0.01,1.0,0.01,2,1.0,3.0,5.0,1.0,0.01,2.0,1.0,1.0,1.0,4.0,1.0,2.0,1.0,3.0,5.0,3.0,11.0
Saudi Arabia,20.0,27.0,33.0,45.0,95.0,123.0,151.0,222.0,307.0,415.0,482.0,585.0,699.0,861.0,990.0,1025.0,1047.0,1126.0,1152.0,1178.0,1263.0,1287.0,1480.0,1483.0,1435.0,1495.0,1379.0,1359,1281.0,1363.0,1376.0,1380.0,1319.0,1382.0,1541.0,1857.0,2243.0,3505.0,5782.0,7917.0,9497.0,11819.0,13585.0,14851.0,14718.0
Senegal,51.0,54.0,63.0,59.0,79.0,85.0,87.0,76.0,99.0,33.0,11.0,13.0,12.0,1.0,0.01,0.01,3.0,2.0,4.0,6.0,20.0,165.0,152.0,149.0,158.0,175.0,195.0,179,162.0,153.0,212.0,188.0,217.0,190.0,234.0,238.0,268.0,295.0,362.0,403.0,406.0,390.0,438.0,447.0,476.0
Seychelles,0.01,1.0,0.01,0.01,2.0,3.0,9.0,6.0,3.0,4.0,5.0,0.01,2.0,2.0,3.0,0.01,0.01,0.01,3.0,5.0,4.0,5.0,19.0,7.0,5.0,10.0,8.0,13,6.0,7.0,13.0,7.0,11.0,21.0,25.0,20.0,20.0,19.0,31.0,32.0,44.0,35.0,47.0,50.0,47.0
Sierra Leone,20.0,21.0,21.0,18.0,21.0,20.0,19.0,24.0,23.0,22.0,28.0,15.0,16.0,16.0,25.0,20.0,13.0,16.0,22.0,25.0,16.0,18.0,12.0,24.0,17.0,7.0,2.0,8,13.0,6.0,4.0,4.0,7.0,5.0,8.0,13.0,19.0,26.0,26.0,32.0,39.0,58.0,94.0,125.0,111.0
Singapore,148.0,162.0,149.0,153.0,162.0,161.0,173.0,164.0,202.0,237.0,313.0,420.0,490.0,537.0,593.0,633.0,752.0,835.0,911.0,1134.0,1401.0,1626.0,1990.0,2011.0,2383.0,2624.0,3176.0,3741,4096.0,4448.0,5025.0,5834.0,6439.0,6907.0,6868.0,7654.0,8346.0,9184.0,9916.0,10930.0,11869.0,12475.0,13319.0,13833.0,13983.0
Slovakia,1.0,0.01,0.01,0.01,0.01,0.01,0.01,0.01,0.01,0.01,1.0,0.01,0.01,0.01,0.01,1.0,11.0,56.0,61.0,41.0,402.0,1926.0,2050.0,2083.0,2062.0,2157.0,2073.0,1968,1995.0,1986.0,1991.0,2278.0,2084.0,2437.0,2675.0,2915.0,2857.0,2995.0,3083.0,3283.0,3384.0,3597.0,3641.0,3766.0,3932.0
Slovenia,0.01,0.01,0.01,0.01,0.01,0.01,0.01,0.01,0.01,0.01,0.01,1.0,0.01,0.01,0.01,1.0,4.0,23.0,19.0,74.0,691.0,791.0,802.0,918.0,1072.0,1095.0,1349.0,1619,1582.0,1686.0,1860.0,1838.0,2139.0,2206.0,2734.0,3208.0,3290.0,3415.0,3781.0,3981.0,4100.0,3992.0,4147.0,4112.0,3963.0
Solomon Islands,6.0,2.0,3.0,6.0,6.0,9.0,5.0,4.0,4.0,7.0,4.0,3.0,6.0,5.0,3.0,4.0,3.0,5.0,10.0,7.0,5.0,9.0,2.0,3.0,10.0,12.0,18.0,11,4.0,4.0,11.0,6.0,5.0,7.0,10.0,5.0,9.0,18.0,19.0,10.0,13.0,20.0,31.0,38.0,37.0
Somalia,0.01,2.0,0.01,2.0,1.0,4.0,9.0,14.0,11.0,3.0,5.0,6.0,10.0,11.0,20.0,20.0,30.0,15.0,16.0,13.0,9.0,10.0,5.0,2.0,1.0,0.01,1.0,1,0.01,1.0,1.0,1.0,0.01,2.0,0.01,2.0,3.0,2.0,3.0,4.0,5.0,11.0,12.0,8.0,21.0
South Africa,1388.0,1491.0,1487.0,1647.0,2102.0,2273.0,2244.0,2214.0,2209.0,2322.0,2496.0,2599.0,2900.0,3305.0,3625.0,3506.0,3276.0,3387.0,3536.0,3465.0,3502.0,3596.0,3674.0,3528.0,3670.0,3696.0,3861.0,3710,3887.0,4165.0,4142.0,4460.0,4844.0,5505.0,6107.0,6921.0,7659.0,8204.0,9495.0,10449.0,11097.0,12211.0,13014.0,14318.0,14484.0
South Korea,46.0,42.0,60.0,51.0,81.0,101.0,130.0,157.0,265.0,307.0,405.0,461.0,585.0,697.0,921.0,1097.0,1390.0,1644.0,2042.0,2377.0,3201.0,4124.0,5881.0,7244.0,8848.0,10520.0,12317.0,13677,15989.0,17553.0,20673.0,24176.0,26451.0,28822.0,29437.0,34289.0,37676.0,41482.0,45599.0,49888.0,52375.0,55241.0,58095.0,59508.0,58713.0
Spain,916.0,1699.0,1158.0,1602.0,3283.0,3254.0,3101.0,3585.0,3712.0,4241.0,4899.0,5434.0,5907.0,6958.0,7525.0,8325.0,8827.0,9660.0,10628.0,12468.0,13831.0,14682.0,16393.0,18050.0,19645.0,20871.0,22221.0,22726,23964.0,25577.0,26727.0,28716.0,31119.0,33899.0,37045.0,40755.0,43892.0,46443.0,50779.0,54416.0,57032.0,57972.0,58702.0,60286.0,59995.0
Sri Lanka,72.0,72.0,84.0,77.0,88.0,94.0,85.0,105.0,123.0,110.0,128.0,115.0,96.0,83.0,156.0,185.0,153.0,166.0,128.0,140.0,134.0,134.0,147.0,122.0,110.0,155.0,151.0,171,168.0,197.0,278.0,245.0,293.0,289.0,338.0,443.0,467.0,449.0,479.0,553.0,585.0,689.0,761.0,940.0,1048.0
St-Kitts & Nevis ,0.01,0.01,0.01,0.01,0.01,0.01,0.01,0.01,0.01,0.01,0.01,0.01,0.01,0.01,0.01,0.01,0.01,0.01,0.01,0.01,0.01,0.01,0.01,1.0,0.01,0.01,2.0,2,0.01,1.0,0.01,0.01,2.0,3.0,1.0,3.0,8.0,10.0,5.0,16.0,21.0,42.0,51.0,95.0,81.0
Sudan,60.0,96.0,103.0,106.0,103.0,135.0,109.0,114.0,134.0,120.0,138.0,169.0,156.0,149.0,133.0,144.0,132.0,116.0,113.0,134.0,106.0,105.0,87.0,76.0,84.0,115.0,102.0,79,73.0,95.0,99.0,102.0,118.0,113.0,151.0,167.0,236.0,296.0,303.0,285.0,323.0,354.0,360.0,425.0,431.0
Suriname,1.0,7.0,9.0,7.0,5.0,5.0,8.0,4.0,3.0,5.0,3.0,5.0,3.0,0.01,2.0,5.0,6.0,3.0,2.0,9.0,4.0,3.0,2.0,4.0,6.0,4.0,10.0,4,8.0,10.0,7.0,12.0,12.0,7.0,6.0,7.0,7.0,6.0,6.0,23.0,23.0,15.0,27.0,47.0,38.0
Swaziland,2.0,2.0,1.0,0.01,9.0,6.0,8.0,9.0,4.0,7.0,9.0,10.0,7.0,4.0,10.0,6.0,12.0,11.0,13.0,10.0,7.0,7.0,11.0,12.0,9.0,18.0,12.0,10,13.0,13.0,15.0,8.0,22.0,12.0,19.0,22.0,33.0,56.0,47.0,35.0,45.0,34.0,50.0,62.0,85.0
Sweden,4633.0,5104.0,5147.0,5269.0,5777.0,6150.0,6392.0,6678.0,6988.0,7852.0,8279.0,8810.0,9038.0,9224.0,9418.0,10055.0,10029.0,10410.0,10858.0,11043.0,11744.0,12526.0,13310.0,13995.0,14314.0,14812.0,15167.0,15278,15756.0,15897.0,15973.0,16433.0,17137.0,17727.0,18186.0,18650.0,19497.0,20390.0,21572.0,23333.0,25017.0,26091.0,27092.0,28736.0,28992.0
Switzerland,4020.0,4872.0,4614.0,5070.0,5708.0,6273.0,6509.0,6494.0,6741.0,6938.0,7515.0,7324.0,7558.0,7620.0,7850.0,8025.0,8127.0,8707.0,9194.0,9988.0,10527.0,11435.0,11549.0,12107.0,12874.0,13375.0,13933.0,14284,13749.0,14141.0,15117.0,16310.0,16838.0,18308.0,18998.0,20162.0,21489.0,22735.0,24525.0,26349.0,27939.0,28977.0,29995.0,31849.0,32434.0
Syria,7.0,3.0,9.0,8.0,7.0,7.0,9.0,8.0,12.0,12.0,21.0,18.0,24.0,34.0,39.0,39.0,54.0,50.0,61.0,85.0,88.0,82.0,95.0,99.0,107.0,101.0,113.0,110,121.0,104.0,132.0,146.0,167.0,156.0,193.0,218.0,214.0,324.0,342.0,328.0,324.0,249.0,274.0,260.0,219.0
Taiwan,245.0,240.0,286.0,354.0,422.0,476.0,446.0,520.0,539.0,600.0,702.0,828.0,1047.0,1222.0,1591.0,1936.0,2266.0,2789.0,3460.0,4260.0,4961.0,6060.0,6759.0,7764.0,8202.0,8789.0,9344.0,9920,11062.0,11645.0,12780.0,14404.0,16167.0,18338.0,19565.0,22258.0,23756.0,24910.0,27305.0,27754.0,28379.0,27767.0,26604.0,26319.0,24560.0
Tajikistan,0.01,0.01,0.01,0.01,0.01,0.01,0.01,0.01,0.01,0.01,0.01,0.01,0.01,0.01,0.01,0.01,2.0,3.0,5.0,38.0,98.0,65.0,57.0,39.0,43.0,26.0,45.0,31,35.0,44.0,29.0,31.0,32.0,32.0,46.0,50.0,37.0,54.0,57.0,64.0,69.0,48.0,75.0,67.0,92.0
Tanzania,66.0,52.0,69.0,88.0,102.0,93.0,83.0,75.0,91.0,114.0,114.0,97.0,125.0,127.0,109.0,106.0,121.0,142.0,151.0,165.0,172.0,189.0,212.0,216.0,225.0,200.0,217.0,229,213.0,240.0,268.0,283.0,340.0,414.0,459.0,461.0,542.0,612.0,633.0,645.0,782.0,929.0,971.0,1000.0,1060.0
Thailand,155.0,206.0,137.0,137.0,293.0,301.0,321.0,352.0,361.0,380.0,448.0,442.0,434.0,423.0,387.0,449.0,437.0,488.0,491.0,534.0,574.0,642.0,666.0,741.0,818.0,995.0,1058.0,1242,1406.0,1720.0,2029.0,2221.0,2586.0,3160.0,3798.0,4466.0,4955.0,5386.0,6005.0,6371.0,6920.0,7036.0,7417.0,8251.0,8552.0
Togo,4.0,9.0,11.0,14.0,13.0,4.0,9.0,9.0,10.0,11.0,3.0,14.0,10.0,6.0,10.0,15.0,15.0,12.0,28.0,13.0,22.0,20.0,17.0,14.0,20.0,34.0,38.0,32,24.0,17.0,34.0,39.0,33.0,36.0,38.0,45.0,40.0,54.0,71.0,48.0,66.0,74.0,84.0,88.0,65.0
Tonga,1.0,1.0,2.0,0.01,0.01,3.0,1.0,1.0,1.0,0.01,3.0,2.0,1.0,4.0,0.01,1.0,1.0,0.01,3.0,2.0,1.0,6.0,3.0,0.01,2.0,1.0,3.0,2,2.0,1.0,5.0,4.0,0.01,4.0,5.0,4.0,4.0,3.0,6.0,5.0,4.0,6.0,6.0,9.0,11.0
Trinidad and Tobago,48.0,55.0,44.0,55.0,42.0,67.0,61.0,59.0,58.0,76.0,92.0,75.0,92.0,67.0,76.0,66.0,79.0,78.0,82.0,103.0,95.0,91.0,84.0,79.0,79.0,107.0,97.0,104,118.0,128.0,120.0,132.0,150.0,125.0,157.0,161.0,179.0,175.0,192.0,192.0,201.0,197.0,194.0,163.0,203.0
Tunisia,31.0,40.0,54.0,33.0,72.0,67.0,90.0,89.0,120.0,104.0,135.0,128.0,155.0,158.0,190.0,204.0,255.0,251.0,297.0,272.0,255.0,313.0,313.0,328.0,445.0,447.0,523.0,568,685.0,759.0,895.0,977.0,1234.0,1521.0,1765.0,2105.0,2499.0,2679.0,2987.0,2979.0,3124.0,3357.0,3877.0,4413.0,4584.0
Turkey,188.0,211.0,207.0,220.0,255.0,291.0,281.0,348.0,316.0,352.0,384.0,466.0,496.0,551.0,635.0,752.0,911.0,1017.0,1247.0,1483.0,1769.0,2074.0,2604.0,3342.0,3837.0,4404.0,5119.0,5374,6624.0,8941.0,10627.0,13286.0,14315.0,15302.0,18134.0,19659.0,22059.0,23146.0,24015.0,25782.0,26917.0,27523.0,29008.0,31186.0,28602.0
Turkmenistan,0.01,0.01,0.01,0.01,0.01,0.01,0.01,0.01,0.01,0.01,0.01,0.01,0.01,0.01,0.01,0.01,1.0,1.0,3.0,9.0,28.0,17.0,16.0,14.0,11.0,9.0,5.0,14,9.0,10.0,6.0,4.0,4.0,6.0,8.0,3.0,6.0,9.0,11.0,26.0,13.0,27.0,9.0,7.0,11.0
Tuvalu,0.01,0.01,0.01,0.01,0.01,0.01,0.01,0.01,0.01,1.0,0.01,0.01,0.01,0.01,0.01,0.01,1.0,0.01,2.0,0.01,1.0,0.01,0.01,0.01,0.01,2.0,0.01,1,0.01,0.01,1.0,0.01,0.01,1.0,0.01,0.01,0.01,0.01,0.01,1.0,1.0,3.0,1.0,1.0,2.0
Uganda,139.0,97.0,67.0,77.0,67.0,53.0,33.0,58.0,31.0,36.0,32.0,25.0,34.0,40.0,38.0,31.0,23.0,47.0,44.0,57.0,67.0,76.0,88.0,96.0,118.0,133.0,155.0,159,177.0,155.0,205.0,258.0,257.0,315.0,429.0,431.0,544.0,665.0,739.0,755.0,834.0,939.0,1022.0,1118.0,1202.0
Ukraine,4.0,2.0,0.01,0.01,0.01,0.01,0.01,1.0,0.01,0.01,0.01,1.0,0.01,0.01,1.0,6.0,53.0,292.0,356.0,1702.0,3720.0,3876.0,4011.0,4043.0,4046.0,4194.0,4305.0,4176,4207.0,4019.0,3841.0,3920.0,4110.0,4018.0,4344.0,5083.0,4757.0,4867.0,5415.0,5302.0,5050.0,5183.0,4550.0,4545.0,4447.0
United Arab Emirates,0.01,0.01,0.01,2.0,4.0,8.0,7.0,8.0,9.0,16.0,17.0,25.0,25.0,34.0,39.0,46.0,53.0,55.0,100.0,128.0,174.0,189.0,220.0,255.0,273.0,269.0,247.0,289,324.0,352.0,435.0,485.0,567.0,615.0,662.0,776.0,937.0,1007.0,1213.0,1302.0,1509.0,1777.0,2266.0,2576.0,2889.0
United Kingdom,28986.0,30495.0,32177.0,33577.0,35518.0,36986.0,37368.0,38744.0,40375.0,42429.0,44440.0,45347.0,46676.0,46549.0,48036.0,48256.0,48481.0,50201.0,51910.0,54827.0,56977.0,61028.0,65487.0,66940.0,67607.0,69444.0,70992.0,73807,71295.0,71512.0,73757.0,76155.0,78740.0,82854.0,86715.0,89310.0,92669.0,96597.0,101129.0,105998.0,112353.0,112632.0,118018.0,124025.0,124672.0
United States,126823.0,133600.0,140692.0,147584.0,161826.0,167568.0,171981.0,177307.0,186067.0,195130.0,202308.0,207808.0,209984.0,210850.0,215550.0,219450.0,225685.0,232121.0,241205.0,242370.0,247718.0,254051.0,261917.0,260604.0,259298.0,261473.0,261671.0,267151,265413.0,269166.0,280053.0,290719.0,301908.0,312674.0,319050.0,333710.0,341610.0,351233.0,366726.0,379507.0,394032.0,401592.0,406298.0,414500.0,410062.0
Uruguay,38.0,35.0,41.0,29.0,39.0,42.0,46.0,39.0,43.0,49.0,64.0,61.0,44.0,40.0,46.0,69.0,82.0,98.0,102.0,128.0,139.0,146.0,179.0,213.0,259.0,281.0,302.0,321,323.0,341.0,369.0,407.0,440.0,446.0,479.0,597.0,623.0,629.0,777.0,721.0,806.0,953.0,1006.0,1081.0,1102.0
Uzbekistan,1.0,1.0,0.01,0.01,0.01,0.01,0.01,0.01,0.01,0.01,0.01,0.01,0.01,0.01,0.01,0.01,24.0,49.0,94.0,166.0,437.0,326.0,417.0,336.0,362.0,335.0,336.0,334,293.0,303.0,301.0,310.0,300.0,288.0,347.0,311.0,353.0,333.0,359.0,313.0,342.0,346.0,279.0,328.0,338.0
Vanuatu,0.01,1.0,0.01,0.01,2.0,2.0,1.0,1.0,2.0,4.0,1.0,2.0,5.0,7.0,6.0,1.0,7.0,2.0,4.0,10.0,3.0,7.0,5.0,4.0,6.0,3.0,10.0,9,5.0,9.0,9.0,11.0,15.0,10.0,8.0,9.0,18.0,13.0,22.0,20.0,21.0,23.0,29.0,37.0,25.0
Vatican,0.01,0.01,0.01,2.0,0.01,1.0,0.01,0.01,1.0,0.01,3.0,7.0,6.0,6.0,5.0,2.0,1.0,10.0,4.0,5.0,8.0,3.0,4.0,5.0,5.0,2.0,4.0,3,2.0,2.0,5.0,8.0,9.0,3.0,5.0,8.0,14.0,16.0,19.0,19.0,20.0,20.0,15.0,23.0,36.0
Venezuela,187.0,215.0,198.0,300.0,333.0,369.0,402.0,427.0,417.0,447.0,492.0,487.0,421.0,505.0,524.0,505.0,525.0,488.0,531.0,570.0,599.0,657.0,696.0,717.0,833.0,954.0,966.0,1038,1003.0,1086.0,1115.0,1005.0,1131.0,1155.0,1192.0,1428.0,1306.0,1269.0,1120.0,1058.0,1111.0,988.0,939.0,893.0,864.0
Vietnam,34.0,31.0,31.0,23.0,26.0,30.0,29.0,36.0,61.0,36.0,78.0,72.0,57.0,85.0,72.0,96.0,95.0,122.0,132.0,153.0,141.0,140.0,210.0,219.0,250.0,232.0,268.0,327,371.0,366.0,493.0,462.0,588.0,667.0,779.0,980.0,1020.0,1264.0,1460.0,1821.0,2313.0,2571.0,2887.0,3518.0,4106.0
Yemen,1.0,0.01,0.01,1.0,5.0,6.0,6.0,5.0,0.01,6.0,10.0,7.0,12.0,12.0,19.0,23.0,19.0,34.0,23.0,22.0,22.0,14.0,25.0,25.0,30.0,31.0,30.0,38,43.0,32.0,26.0,43.0,42.0,53.0,55.0,66.0,109.0,115.0,166.0,182.0,190.0,224.0,198.0,220.0,259.0
Yugoslavia,693.0,846.0,786.0,866.0,1193.0,1013.0,1320.0,1246.0,1266.0,1391.0,1587.0,1438.0,1427.0,1631.0,1748.0,1893.0,2001.0,2270.0,2205.0,2213.0,778.0,793.0,845.0,1113.0,980.0,1240.0,1050.0,1058,1004.0,1019.0,1173.0,1191.0,10.0,0.01,0.01,0.01,0.01,0.01,0.01,0.01,0.01,0.01,0.01,0.01,0.01
Zambia,44.0,65.0,44.0,81.0,129.0,81.0,96.0,57.0,50.0,46.0,56.0,77.0,69.0,58.0,69.0,78.0,68.0,64.0,74.0,70.0,64.0,56.0,74.0,54.0,76.0,75.0,72.0,67,90.0,79.0,82.0,75.0,100.0,127.0,143.0,153.0,152.0,194.0,229.0,241.0,268.0,302.0,337.0,392.0,451.0
Zimbabwe,83.0,88.0,81.0,107.0,141.0,183.0,172.0,126.0,125.0,144.0,100.0,115.0,140.0,152.0,164.0,192.0,205.0,219.0,206.0,233.0,225.0,216.0,205.0,223.0,233.0,227.0,230.0,216,222.0,230.0,229.0,174.0,180.0,188.0,240.0,231.0,217.0,256.0,265.0,279.0,305.0,392.0,382.0,494.0,535.0
